tick_ms,move_number,side,move,depth,nodes,time_ms,score_cp,nps
18775,2,black,B8C6,3,1252,42,75,29809
21581,4,black,G8F6,3,1544,51,38,30274
23592,6,black,E7E6,3,3281,131,88,25045
24428,7,white,B1C3,3,2858,129,-63,22155
24936,8,black,F8B4,3,2741,113,87,24256
25166,9,white,C1E3,3,3400,210,-79,16190
25338,10,black,B4C3,3,3343,154,117,21707
25385,11,white,B2C3,3,474,26,-86,18230
25522,12,black,E8G8,3,2784,118,101,23593
25692,13,white,E1D2,3,3844,150,-92,25626
25831,14,black,D8E7,3,2928,119,101,24605
26090,15,white,F3D4,3,4837,240,-91,20154
26299,16,black,C6D4,3,3878,188,106,20627
26402,17,white,E3D4,3,2052,82,-86,25024
26477,18,black,E6E5,3,1720,56,103,30714
26589,19,white,D4E3,3,2186,93,-91,23505
26719,20,black,E7E6,3,2757,112,94,24616
26856,21,white,D1F3,3,2706,116,-74,23327
27253,22,black,G8H8,3,7106,377,83,18848
27435,23,white,F1E2,3,3428,163,-69,21030
27832,24,black,F8D8,2,6144,378,69,16253
27979,25,white,E3G5,3,3333,127,-8,26244
28263,26,black,D8E8,3,4733,265,1,17860
28445,27,white,G5F6,3,3347,162,20,20660
28569,28,black,G7F6,3,2282,101,-15,22594
28740,29,white,F3G4,3,3491,150,20,23273
28862,30,black,E6G4,3,2381,100,-13,23810
28898,31,white,E2G4,3,637,18,20,35388
28953,32,black,H8G7,3,1247,33,-20,37787
29027,33,white,A1E1,3,2528,55,26,45963
29082,34,black,D7D6,3,1597,36,-14,44361
29149,35,white,G4C8,3,1665,45,25,37000
29194,36,black,A8C8,3,1410,27,-18,52222
29235,37,white,E1B1,3,1354,23,27,58869
29282,38,black,C8B8,3,1315,28,-29,46964
29344,39,white,D2E3,3,2287,44,33,51977
29418,40,black,G7F8,3,2298,55,-17,41781
29483,41,white,H1E1,3,1882,46,23,40913
29527,42,black,F8E7,3,1033,24,-12,43041
29598,43,white,B1D1,3,2226,51,17,43647
29650,44,black,E7E6,3,1566,31,-6,50516
29717,45,white,D3D4,3,2160,49,6,44081
29812,46,black,F6F5,3,2371,75,-8,31613
29850,47,white,D4D5,3,1088,20,-6,54400
29874,48,black,E6F6,3,269,5,6,53800
29962,49,white,D1B1,3,2581,70,-13,36871
30014,50,black,E8G8,3,1465,34,13,43088
30084,51,white,E1G1,3,1985,52,-28,38173
30159,52,black,G8G4,3,2210,57,28,38771
30239,53,white,B1B4,3,2346,60,-28,39100
30347,54,black,F5E4,3,2940,89,28,33033
30418,55,white,B4A4,3,1779,50,-28,35580
30515,56,black,B8A8,3,2781,78,28,35653
30569,57,white,A4B4,3,1332,31,-28,42967
30632,58,black,A8B8,3,1897,45,28,42155
30653,59,white,B4A4,3,81,0,-28,0
30693,60,black,B8A8,3,84,0,28,0
30714,61,white,A4B4,3,72,0,-28,0
30755,62,black,A8B8,3,84,1,28,84000
30794,63,white,B4A4,3,81,1,-28,81000
30817,64,black,B8A8,3,84,1,28,84000
30853,65,white,A4B4,3,72,0,-28,0
30876,66,black,A8B8,3,84,1,28,84000
30913,67,white,B4A4,3,81,0,-28,0
30950,68,black,B8A8,3,84,0,28,0
30985,69,white,A4B4,3,72,0,-28,0
31024,70,black,A8B8,3,84,1,28,84000
31046,71,white,B4A4,3,81,1,-28,81000
31083,72,black,B8A8,3,84,0,28,0
31120,73,white,A4B4,3,72,0,-28,0
31139,74,black,A8B8,3,84,0,28,0
31177,75,white,B4A4,3,81,0,-28,0
31217,76,black,B8A8,3,84,0,28,0
31255,77,white,A4B4,3,72,0,-28,0
31278,78,black,A8B8,3,84,0,28,0
31314,79,white,B4A4,3,81,0,-28,0
31351,80,black,B8A8,3,84,1,28,84000
31371,81,white,A4B4,3,72,0,-28,0
31408,82,black,A8B8,3,84,0,28,0
31446,83,white,B4A4,3,81,0,-28,0
31484,84,black,B8A8,3,84,0,28,0
31520,85,white,A4B4,3,72,0,-28,0
31541,86,black,A8B8,3,84,0,28,0
31577,87,white,B4A4,3,81,0,-28,0
31613,88,black,B8A8,3,84,0,28,0
31649,89,white,A4B4,3,72,1,-28,72000
31672,90,black,A8B8,3,84,0,28,0
31712,91,white,B4A4,3,81,1,-28,81000
31750,92,black,B8A8,3,84,0,28,0
31788,93,white,A4B4,3,72,0,-28,0
31810,94,black,A8B8,3,84,1,28,84000
31847,95,white,B4A4,3,81,0,-28,0
31868,96,black,B8A8,3,84,0,28,0
31907,97,white,A4B4,3,72,1,-28,72000
31945,98,black,A8B8,3,84,0,28,0
31966,99,white,B4A4,3,81,1,-28,81000
32003,100,black,B8A8,3,84,0,28,0
3234,1,white,B1C3,3,1239,31,56,39967
3718,2,black,B8C6,3,1058,18,0,58777
3777,3,white,G1H3,3,2135,41,11,52073
3816,4,black,G8F6,3,1250,21,17,59523
3862,5,white,H3F4,3,1624,29,0,56000
3915,6,black,C6D4,3,2036,36,13,56555
3991,7,white,E2E3,3,2423,58,20,41775
4046,8,black,G7G5,3,1848,36,-20,51333
4107,9,white,E3D4,3,2306,44,54,52409
4156,10,black,G5F4,3,1507,31,-48,48612
4214,11,white,D1F3,3,2096,40,82,52400
4295,12,black,F8H6,3,2070,64,-114,32343
4374,13,white,C3E2,3,3030,61,114,49672
4433,14,black,H8F8,3,1598,41,-115,38975
4492,15,white,E1D1,3,2169,41,115,52902
4545,16,black,F8G8,3,1462,35,-115,41771
4653,17,white,E2F4,3,3373,91,101,37065
4738,18,black,G8G4,3,2350,67,-96,35074
4874,19,white,F4E2,3,4332,118,103,36711
5023,20,black,G4E4,3,4305,132,-93,32613
5139,21,white,D2D3,3,3567,98,95,36397
5208,22,black,E4H4,3,2260,52,-91,43461
5281,23,white,C1H6,3,2653,56,121,47375
5338,24,black,H4H6,3,1688,39,-108,43282
5409,25,white,E2F4,3,2681,53,127,50584
5464,26,black,H6H4,3,1833,36,-118,50916
5580,27,white,D1C1,3,4407,97,102,45432
5657,28,black,H4G4,3,2482,60,-122,41366
5724,29,white,F1E2,3,2481,50,140,49620
5780,30,black,G4G5,3,1947,38,-133,51236
5893,31,white,H1E1,3,3880,95,140,40842
5998,32,black,G5A5,3,3343,88,-151,37988
6089,33,white,F3G3,3,3396,73,153,46520
6157,34,black,A5A4,3,2153,51,-140,42215
6241,35,white,G3E3,3,2995,65,155,46076
6316,36,black,A4A5,3,2348,58,-151,40482
6402,37,white,C1B1,3,3151,69,165,45666
6489,38,black,A5F5,3,3007,70,-165,42957
6581,39,white,E2F3,3,3212,74,178,43405
6681,40,black,F5A5,3,2495,82,-178,30426
6839,41,white,D4D5,3,4643,139,187,33402
6956,42,black,A5B5,3,3237,100,-186,32370
7072,43,white,E3E5,3,4065,98,190,41479
7222,44,black,E8F8,3,3728,133,-193,28030
7513,45,white,E5G5,3,8249,273,193,30216
7714,46,black,B5B4,3,4855,184,-187,26385
8038,47,white,F3D1,3,9143,306,190,29879
24387,48,black,B4B6,3,3085,150,-177,20566
24881,49,white,D1F3,3,4553,150,190,30353
25011,50,black,B6B4,3,2905,113,-190,25707
25098,51,white,B1C1,3,2099,69,188,30420
25419,52,black,D7D6,3,5954,303,-178,19650
25746,53,white,G5H6,3,7518,308,182,24409
25909,54,black,F8G8,3,2942,146,-178,20150
26209,55,white,H6G5,3,7736,282,182,27432
26291,56,black,G8H8,3,1267,64,-171,19796
26577,57,white,C2C3,3,6833,268,167,25496
26841,58,black,B4B5,3,5287,246,-151,21491
27062,59,white,C1C2,3,6143,202,153,30410
27269,60,black,C8D7,3,4039,189,-145,21370
27587,61,white,A1D1,3,7517,299,145,25140
27894,62,black,E7E5,3,5930,289,-138,20519
28136,63,white,C3C4,3,5282,223,116,23686
35432,64,black,B5A5,3,2865,110,-112,26045
35969,65,white,F4H5,3,4509,151,112,29860
36084,66,black,F6H5,3,2806,96,-128,29229
36243,67,white,G5H5,3,3868,141,126,27432
36431,68,black,D8F6,3,4410,171,-110,25789
36675,69,white,C2B1,3,5333,226,123,23597
37069,70,black,F6F4,2,6144,375,-123,16384
37370,71,white,F3E4,3,5774,283,164,20402
37665,72,black,F7F5,3,6163,277,-154,22249
38057,73,white,H5F7,3,8084,375,165,21557
38450,74,black,F4F2,2,8192,375,-165,21845
38604,75,white,F7D7,3,3675,136,165,27022
38903,76,black,F5E4,3,5716,281,-247,20341
39065,77,white,D7C7,3,3311,144,247,22993
39212,78,black,F2B6,3,3160,128,-247,24687
39281,79,white,C7B6,3,2050,47,187,43617
39318,80,black,A7B6,3,986,19,-187,51894
39357,81,white,D3E4,3,1272,21,209,60571
39391,82,black,A5A2,3,1125,15,-199,75000
39430,83,white,B1C2,3,1245,22,208,56590
39480,84,black,H8G7,3,2027,33,-201,61424
39521,85,white,C2C3,3,1449,23,221,63000
39567,86,black,G7F6,3,1855,27,-221,68703
39613,87,white,E1F1,3,1708,28,220,61000
39640,88,black,F6E7,3,536,10,-211,53600
39726,89,white,C3B3,3,3186,68,219,46852
39779,90,black,E7E8,3,1705,34,-216,50147
39846,91,white,B3C2,3,2499,49,220,51000
39927,92,black,A8A3,3,2257,63,-201,35825
40009,93,white,C2B1,3,2570,63,208,40793
40048,94,black,A3A4,3,1079,21,-181,51380
40153,95,white,B2B3,3,2965,87,125,34080
40187,96,black,A4A8,3,950,17,-98,55882
40229,97,white,F1G1,3,1072,24,110,44666
40268,98,black,E8E7,3,1583,21,-97,75380
40308,99,white,B1C1,3,928,21,102,44190
40352,100,black,A2F2,3,2105,26,-87,80961
40383,101,white,D1D2,3,856,14,86,61142
40440,102,black,A8A1,3,1414,22,-86,64272
40464,103,white,C1B2,3,171,5,86,34200
40504,104,black,F2D2,3,1296,22,-72,58909
40526,105,white,B2A1,3,228,5,-63,45600
40553,106,black,D2E2,3,705,9,63,78333
40583,107,white,A1B1,3,660,13,-53,50769
40613,108,black,E7D7,3,611,9,53,67888
40664,109,white,G1F1,3,883,15,-48,58866
40691,110,black,D7E7,3,589,10,48,58900
40720,111,white,F1G1,3,796,10,-53,79600
40749,112,black,E7F6,3,606,11,53,55090
40778,113,white,B1C1,3,466,8,-50,58250
40804,114,black,F6E7,3,653,6,53,108833
40832,115,white,C1D1,3,462,8,-29,57750
40889,116,black,E2E4,3,669,6,41,111500
40925,117,white,D1D2,3,934,18,-24,51888
40948,118,black,E4H4,3,729,6,41,121500
40975,119,white,G1H1,3,963,9,-31,107000
41018,120,black,H4G4,3,867,9,46,96333
41044,121,white,H1G1,3,607,6,-31,101166
41070,122,black,G4H4,3,846,8,31,105750
41095,123,white,G1H1,3,764,7,-46,109142
41154,124,black,H4G4,3,787,7,31,112428
41172,125,white,H1G1,3,60,1,-31,60000
41206,126,black,G4H4,3,63,0,46,0
41240,127,white,G1H1,3,60,0,-31,0
41258,128,black,H4G4,3,57,0,31,0
41302,129,white,H1G1,3,585,10,-46,58500
41321,130,black,G4H4,3,63,1,31,63000
41355,131,white,G1H1,3,60,0,-31,0
41406,132,black,H4G4,3,57,0,46,0
41441,133,white,H1G1,3,60,0,-31,0
41476,134,black,G4H4,3,63,1,31,63000
41495,135,white,G1H1,3,60,0,-46,0
41530,136,black,H4G4,3,57,0,31,0
41565,137,white,H1G1,3,60,0,-31,0
41599,138,black,G4H4,3,63,0,46,0
41617,139,white,G1H1,3,60,0,-31,0
41653,140,black,H4G4,3,57,0,31,0
41703,141,white,H1G1,3,60,0,-46,0
41737,142,black,G4H4,3,63,0,31,0
41772,143,white,G1H1,3,60,0,-31,0
41790,144,black,H4G4,3,57,0,46,0
41824,145,white,H1G1,3,60,0,-31,0
41858,146,black,G4H4,3,63,0,31,0
41894,147,white,G1H1,3,60,0,-46,0
41928,148,black,H4G4,3,57,0,31,0
41946,149,white,H1G1,3,60,0,-31,0
41997,150,black,G4H4,3,63,1,46,63000
42032,151,white,G1H1,3,60,0,-31,0
42067,152,black,H4G4,3,57,0,31,0
42085,153,white,H1G1,3,60,0,-46,0
42119,154,black,G4H4,3,63,0,31,0
42153,155,white,G1H1,3,60,0,-31,0
42188,156,black,H4G4,3,57,1,46,57000
42222,157,white,H1G1,3,60,0,-31,0
42257,158,black,G4H4,3,63,1,31,63000
42291,159,white,G1H1,3,60,0,-46,0
42325,160,black,H4G4,3,57,0,31,0
42360,161,white,H1G1,3,60,0,-31,0
42394,162,black,G4H4,3,63,0,46,0
42412,163,white,G1H1,3,60,0,-31,0
42446,164,black,H4G4,3,57,0,31,0
42481,165,white,H1G1,3,60,1,-46,60000
42533,166,black,G4H4,3,63,0,31,0
42551,167,white,G1H1,3,60,0,-31,0
42586,168,black,H4G4,3,57,0,46,0
42620,169,white,H1G1,3,60,0,-31,0
42654,170,black,G4H4,3,63,0,31,0
42673,171,white,G1H1,3,60,0,-46,0
42707,172,black,H4G4,3,57,0,31,0
58442,173,white,H1G1,3,60,0,-31,0
62253,175,white,D2C3,3,907,9,-19,100777
63596,176,black,D4G4,3,880,7,21,125714
63927,177,white,B3B4,3,1170,12,-11,97500
64203,178,black,G4G8,3,971,9,26,107888
64428,179,white,C3D3,3,995,9,-16,110555
64635,180,black,G8G4,3,1032,8,26,129000
64793,181,white,B4B5,3,782,6,-20,130333
64947,182,black,G4D4,3,769,5,35,153800
65101,183,white,D3C3,3,333,4,-35,83250
65258,184,black,D4G4,3,670,5,35,134000
65414,185,white,C3D3,3,731,6,-35,121833
65547,186,black,G4D4,3,60,0,35,0
65714,187,white,D3C3,3,12,0,-35,0
65881,188,black,D4G4,3,54,0,35,0
66031,189,white,C3D3,3,51,0,-35,0
66198,190,black,G4D4,3,60,0,35,0
66364,191,white,D3C3,3,12,0,-35,0
66515,192,black,D4G4,3,54,1,35,54000
66714,193,white,C3D3,3,51,0,-35,0
66998,194,black,G4D4,3,60,0,35,0
67181,195,white,D3C3,3,12,0,-35,0
67383,196,black,D4G4,3,54,0,35,0
67916,197,white,C3D3,3,51,0,-35,0
68314,198,black,G4D4,3,60,0,35,0
68682,199,white,D3C3,3,12,0,-35,0
71471,201,white,C3D3,3,51,1,-35,51000
77045,202,black,G4D4,3,60,1,35,60000
77613,203,white,D3C3,3,12,0,-35,0
77948,204,black,D4G4,3,54,0,35,0
78564,205,white,C3D3,3,51,0,-35,0
78898,206,black,G4D4,3,60,0,35,0
79264,207,white,D3C3,3,12,0,-35,0
79763,208,black,D4G4,3,54,0,35,0
81821,210,black,G4H4,3,707,8,59,88375
82528,211,white,G1H1,3,720,5,-59,144000
82816,212,black,H4G4,3,662,5,59,132400
83087,213,white,H1G1,3,470,4,-59,117500
83353,214,black,G4H4,3,60,0,59,0
83620,215,white,G1H1,3,42,0,-59,0
83886,216,black,H4G4,3,54,0,59,0
86513,218,black,G4G2,3,952,8,252,119000
87351,219,white,H1F1,3,904,8,-244,113000
87693,220,black,G2H2,3,973,9,252,108111
88036,221,white,F1F3,3,721,8,-251,90125
88344,222,black,H2C2,3,833,7,251,119000
88686,223,white,B4B3,3,1058,9,-238,117555
88991,224,black,C2C1,3,508,4,244,127000
89302,225,white,F3F5,3,1214,10,-244,121400
89596,226,black,E5E4,3,1251,11,237,113727
89905,227,white,F5F4,3,1081,10,-230,108100
90213,228,black,C1E1,3,900,8,231,112500
90485,229,white,B3C3,3,590,5,-221,118000
90776,230,black,E1E2,3,782,8,208,97750
91046,231,white,C3D4,3,455,5,-199,91000
91337,232,black,E2C2,3,873,8,50,109125
91673,233,white,F4E4,3,338,3,-35,112666
91946,234,black,E7D7,3,593,6,28,98833
92185,235,white,E4E1,3,588,5,-28,117600
92457,236,black,C2H2,3,692,5,40,138400
92776,237,white,E1E3,3,521,5,-40,104200
93145,238,black,H2D2,3,528,3,44,176000
93383,239,white,E3D3,3,361,4,-31,90250
93688,240,black,D2H2,3,634,5,40,126800
93991,241,white,D3G3,3,534,4,-36,133500
94280,242,black,H2D2,3,643,5,40,128600
94601,243,white,D4E3,3,492,5,-23,98400
94872,244,black,D2C2,3,521,4,-32,130250
95192,245,white,G3G7,3,490,4,32,122500
95548,246,black,D7C8,3,488,6,-156,81333
95806,247,white,E3D3,3,747,8,156,93375
96112,248,black,C2F2,3,543,6,-156,90500
96433,249,white,G7H7,3,643,5,166,128600
96691,250,black,F2H2,3,1083,9,-161,120333
96978,251,white,H3H4,3,568,5,170,113600
97241,252,black,H2A2,3,992,11,-170,90181
97564,253,white,H4H5,3,805,7,180,115000
97804,254,black,A2F2,3,666,7,-180,95142
98044,255,white,H5H6,3,725,6,192,120833
98270,256,black,F2H2,3,1046,9,-185,116222
98493,257,white,D3E3,3,754,6,190,125666
98751,258,black,H2C2,3,805,7,-189,115000
98971,259,white,E3D3,3,447,4,190,111750
99188,260,black,C2H2,3,168,1,-190,168000
99393,261,white,D3E3,3,327,4,189,81750
99614,262,black,H2H4,3,439,4,-189,109750
99783,263,white,E3D3,3,508,4,189,127000
99919,264,black,H4H2,3,361,3,-189,120333
100102,265,white,D3E3,3,36,0,189,0
100220,266,black,H2H4,3,42,0,-189,0
100403,267,white,E3D3,3,39,0,189,0
100570,268,black,H4H2,3,36,0,-189,0
100736,269,white,D3E3,3,36,0,189,0
100870,270,black,H2H4,3,42,0,-189,0
101038,271,white,E3D3,3,39,0,189,0
101205,272,black,H4H2,3,36,0,-189,0
101355,273,white,D3E3,3,36,0,189,0
101506,274,black,H2H4,3,42,1,-189,42000
101641,275,white,E3D3,3,39,0,189,0
103832,277,white,D3E4,3,902,7,189,128857
104463,278,black,H5E5,3,336,2,-188,168000
104683,279,white,E4D4,3,239,2,197,119500
104939,280,black,E5H5,3,733,6,-189,122166
105225,281,white,H7H8,3,366,4,193,91500
105460,282,black,C8D7,3,154,2,-193,77000
105714,283,white,H8H7,3,460,4,193,115000
105982,284,black,D7C8,3,57,1,-193,57000
106232,285,white,H7H8,3,36,0,193,0
106515,286,black,C8D7,3,6,0,-193,0
106732,287,white,H8H7,3,42,0,193,0
107032,288,black,D7C8,3,9,0,-193,0
107199,289,white,H7H8,3,36,0,193,0
111730,291,white,H8H7,3,639,4,193,159750
113627,293,white,H7H8,3,36,0,193,0
116026,295,white,H8H7,3,42,0,193,0
118540,297,white,H7B7,3,515,5,313,103000
120355,298,black,H5H6,3,460,4,-297,115000
120558,299,white,B7B6,3,386,3,305,128666
120729,300,black,H6H4,3,654,5,-287,130800
120882,301,white,D4D3,3,264,2,295,132000
121054,302,black,H4H3,3,827,5,-291,165400
121223,303,white,D3E4,3,307,3,299,102333
121412,304,black,H3H4,3,821,5,-291,164200
121596,305,white,E4F5,3,198,1,308,198000
121785,306,black,H4H5,3,862,7,-322,123142
121953,307,white,F5G6,3,185,3,322,61666
122122,308,black,H5H4,3,443,2,-322,221500
122306,309,white,B6D6,3,336,2,352,168000
122674,310,black,H4C4,3,503,4,-335,125750
122929,311,white,G6F6,3,833,6,351,138833
123249,312,black,C4C2,3,654,5,-337,130800
123488,313,white,B5B6,3,822,8,350,102750
123743,314,black,C2B2,3,658,7,-341,94000
124064,315,white,F6E6,3,576,7,346,82285
124266,316,black,B2E2,3,430,3,-339,143333
124469,317,white,E6F6,3,96,2,345,48000
124702,318,black,E2F2,3,386,2,-345,193000
124922,319,white,F6E5,3,350,3,355,116666
125140,320,black,F2B2,3,708,4,-343,177000
125347,321,white,D6C6,3,895,8,358,111875
125552,322,black,B2E2,3,606,4,-342,151500
125755,323,white,E5D4,3,418,4,361,104500
125975,324,black,E2D2,3,646,5,-344,129200
126163,325,white,D4E5,3,583,5,361,116600
126434,326,black,D2B2,3,713,6,-351,118833
126613,327,white,C6C8,3,1454,12,363,121166
126796,328,black,E8F7,3,101,2,-363,50500
126984,329,white,C8C7,3,872,7,386,124571
127151,330,black,F7G6,3,224,2,-382,112000
127325,331,white,B6B7,3,857,6,383,142833
127496,332,black,B2E2,3,610,6,-350,101666
127652,333,white,E5D4,3,542,7,378,77428
127794,334,black,E2B2,3,905,10,-365,90500
127939,335,white,D4C3,3,1036,9,399,115111
128110,336,black,B2B1,3,585,6,-364,97500
128283,337,white,C3D4,3,960,7,375,137142
128440,338,black,G6F6,3,872,8,-363,109000
128599,339,white,C7C6,3,1240,10,364,124000
129096,340,black,F6F5,3,189,2,-352,94500
129138,341,white,C6C7,3,909,8,351,113625
129176,342,black,B1B4,3,660,4,-339,165000
129200,343,white,D4C5,3,734,6,354,122333
129240,344,black,B4B2,3,635,5,-342,127000
129263,345,white,C7E7,3,827,6,349,137833
129287,346,black,F5F6,3,861,6,-345,143500
129327,347,white,D5D6,3,922,7,346,131714
129366,348,black,F6F5,3,709,5,-340,141800
129408,349,white,C5D5,3,882,8,341,110250
129431,350,black,B2D2,3,763,6,-339,127166
129468,351,white,D5C5,3,281,4,340,70250
129493,352,black,D2C2,3,550,7,-339,78571
129533,353,white,C5D5,3,554,6,340,92333
129556,354,black,C2D2,3,572,6,-340,95333
129591,355,white,D5C4,3,109,1,340,109000
129614,356,black,D2C2,3,605,6,-340,100833
129668,357,white,C4B3,3,340,2,815,170000
129707,358,black,C2B2,3,483,5,-814,96600
129725,359,white,B3B2,3,195,1,1545,195000
129760,360,black,F5G4,3,204,1,-1545,204000
129799,361,white,B7B8,3,1146,5,1579,229200
129818,362,black,G4G3,3,344,2,-1579,172000
129876,363,white,D6D7,3,3184,23,2316,138434
129895,364,black,G3G2,3,298,1,-2316,298000
129936,365,white,B8F4,3,3428,24,2353,142833
129956,366,black,G2H1,3,268,2,-2353,134000
130013,367,white,D7D8,3,3217,23,2376,139869
130034,368,black,H1G2,3,392,4,-2376,98000
130140,369,white,B2C3,3,7733,89,2398,86887
130160,370,black,G2G1,3,211,3,-2395,70333
130276,371,white,E7G7,3,7835,83,999997,94397
130295,372,black,G1H1,3,122,1,-999998,122000
130350,373,white,D8D5,3,3278,36,999999,91055
1896,2,black,B8C6,3,1175,20,114,58750
4826,2,black,B8C6,3,1252,23,75,54434
6009,3,white,B1C3,3,2135,36,-31,59305
6509,4,black,G8F6,3,1840,35,38,52571
6569,5,white,G1F3,3,2326,42,3,55380
6685,6,black,F6G4,3,3589,97,10,37000
6791,7,white,F1B5,3,2987,88,26,33943
6851,8,black,G4E5,3,1738,41,-26,42390
6911,9,white,E1G1,3,1599,41,48,39000
6954,10,black,E5F3,3,1147,25,-32,45880
6996,11,white,D1F3,3,768,25,29,30720
7057,12,black,C6D4,3,1712,43,-50,39813
7095,13,white,F3D3,3,1225,21,50,58333
7162,14,black,D4B5,3,1820,49,-50,37142
7223,15,white,D3B5,3,2418,43,63,56232
7289,16,black,C7C6,3,1912,47,-58,40680
7362,17,white,B5F5,3,2928,54,71,54222
7423,18,black,D8B6,3,1605,41,-54,39146
7566,19,white,F5E5,3,3869,125,59,30952
7651,20,black,D7D6,3,2405,66,-46,36439
7737,21,white,E5F4,3,2641,68,58,38838
7905,22,black,B6C5,3,4554,149,-45,30563
8013,23,white,F1E1,3,2856,90,54,31733
8248,24,black,C5B4,3,6184,217,-55,28497
8387,25,white,C3D1,3,3800,122,57,31147
8518,26,black,C8E6,3,3754,113,-45,33221
8741,27,white,D1C3,3,5165,204,44,25318
8976,28,black,E8D7,3,6325,217,-31,29147
9120,29,white,F4G5,3,3763,127,37,29629
9411,30,black,B4D4,3,7127,272,-33,26202
9626,31,white,E4E5,3,5336,197,42,27086
9953,32,black,D4G4,3,7783,309,-43,25187
10024,33,white,G5G4,3,2420,51,43,47450
10055,34,black,E6G4,3,703,12,-43,58583
10103,35,white,E5D6,3,1893,30,41,63100
10154,36,black,D7D6,3,2123,33,-40,64333
10232,37,white,D2D4,3,3002,58,61,51758
10264,38,black,A8D8,3,784,15,-61,52266
10325,39,white,C1F4,3,2301,43,65,53511
10352,40,black,D6D7,3,394,9,-57,43777
10467,41,white,C3E4,3,4407,97,63,45432
10520,42,black,D7E6,3,1802,34,-63,53000
10597,43,white,E4D6,3,3090,58,95,53275
10624,44,black,E6F6,3,383,10,-186,38300
10702,45,white,F4E5,3,3022,57,186,53017
10730,46,black,F6G6,3,471,11,-194,42818
10799,47,white,D6B7,3,2686,51,239,52666
10847,48,black,D8E8,3,1696,30,-231,56533
10936,49,white,B7C5,3,3591,71,232,50577
11010,50,black,E7E6,3,2449,54,-226,45351
11157,51,white,C5D3,3,5571,129,231,43186
11223,52,black,F8E7,3,2148,47,-218,45702
11383,53,white,E5G3,3,5076,142,219,35746
11461,54,black,E7F6,3,2532,60,-212,42200
11530,55,white,D3E5,3,2532,53,212,47773
11560,56,black,F6E5,3,449,10,-208,44900
11624,57,white,G3E5,3,1705,28,211,60892
11683,58,black,H8G8,3,2042,39,-200,52358
11743,59,white,A1C1,3,2437,42,203,58023
11805,60,black,E8D8,3,2529,44,-193,57477
11883,61,white,E1E4,3,2964,60,209,49400
11946,62,black,G6G5,3,2053,45,-201,45622
12039,63,white,C1E1,3,3350,74,210,45270
12120,64,black,D8D5,3,2783,63,-204,44174
12292,65,white,E1E3,3,6311,154,208,40980
12382,66,black,G4D1,3,3211,70,-214,45871
12491,67,white,E3G3,3,3837,91,234,42164
12549,68,black,G5H5,3,1283,40,-235,32075
12665,69,white,G3C3,3,4016,99,234,40565
12769,70,black,D5B5,3,3453,86,-226,40151
12880,71,white,E4E1,3,3800,94,218,40425
12975,72,black,D1G4,3,3367,77,-217,43727
13087,73,white,C3A3,3,4168,94,218,44340
13232,74,black,B5B7,3,4728,126,-212,37523
13441,75,white,E1B1,3,6952,190,206,36589
13532,76,black,G4F5,3,3329,73,-203,45602
13631,77,white,A3C3,3,3503,82,207,42719
13736,78,black,B7B6,3,3647,87,-201,41919
13869,79,white,C3C4,3,4647,115,205,40408
13998,80,black,F5E4,3,4535,111,-203,40855
14087,81,white,B1E1,3,3113,71,203,43845
14172,82,black,E4G6,3,2941,67,-198,43895
14257,83,white,E1B1,3,3194,67,202,47671
14328,84,black,H5G4,3,2456,53,-197,46339
14414,85,white,C4C5,3,3040,69,203,44057
14484,86,black,G6E4,3,2329,52,-195,44788
14634,87,white,B1E1,3,4845,131,195,36984
14696,88,black,E4G2,3,1789,45,-195,39755
14771,89,white,G1G2,3,2560,57,191,44912
14821,90,black,B6B2,3,1643,33,-195,49787
14912,91,white,F2F3,3,3594,72,308,49916
14936,92,black,G4F5,3,286,7,-308,40857
15020,93,white,E5G7,3,2776,49,321,56653
15045,94,black,F5G6,3,327,7,-321,46714
15112,95,white,G7E5,3,3005,48,321,62604
15166,96,black,B2A2,3,1732,35,-298,49485
15228,97,white,C5C6,3,2620,45,298,58222
15286,98,black,G6F5,3,1935,40,-291,48375
15323,99,white,G2F2,3,853,19,315,44894
15429,100,black,A2B2,3,3565,88,-309,40511
15545,101,white,C6C7,3,4285,98,327,43724
15660,102,black,F7F6,3,3261,93,-335,35064
15772,103,white,E5G3,3,3682,94,349,39170
15904,104,black,G8D8,3,3892,114,-367,34140
15985,105,white,F2E3,3,2840,63,372,45079
16107,106,black,F5G6,3,3830,104,-382,36826
16224,107,white,E1A1,3,4195,99,388,42373
16325,108,black,D8A8,3,3506,83,-483,42240
16422,109,white,A1A6,3,4092,79,483,51797
16515,110,black,G6F5,3,3047,75,-502,40626
16608,111,white,E3D3,3,3626,75,502,48346
16688,112,black,A8D8,3,2404,63,-513,38158
16770,113,white,A6A7,3,3158,64,513,49343
16874,114,black,H7H6,3,3483,86,-554,40500
16973,115,white,C7F7,3,3888,83,562,46843
17046,116,black,B2B1,3,2084,55,-565,37890
17112,117,white,A7A5,3,2318,48,566,48291
17158,118,black,F5G6,3,992,29,-549,34206
17216,119,white,F7E7,3,1918,40,549,47950
17265,120,black,B1D1,3,1502,31,-549,48451
17298,121,white,D3E3,3,558,15,549,37200
17359,122,black,D8D4,3,1933,44,-546,43931
17446,123,white,E7E6,3,3156,69,547,45739
17588,124,black,D4D7,3,4358,124,-552,35145
17700,125,white,A5A6,3,4172,95,561,43915
17753,126,black,D7F7,3,1547,36,-674,42972
17817,127,white,G3H4,3,2432,46,674,52869
17876,128,black,F7C7,3,1839,41,-674,44853
17929,129,white,E6F6,3,1744,34,689,51294
17957,130,black,G6G7,3,414,11,-697,37636
18017,131,white,F6C6,3,2086,43,697,48511
18048,132,black,C7C6,3,836,12,-697,69666
18081,133,white,A6C6,3,1109,14,719,79214
18109,134,black,D1D5,3,908,10,-712,90800
18147,135,white,H4F6,3,1703,20,725,85150
18172,136,black,G7G6,3,632,8,-726,79000
18211,137,white,F6D4,3,1831,20,740,91550
18234,138,black,G6H7,3,442,5,-735,88400
18289,139,white,C6C7,3,1840,21,745,87619
18310,140,black,H7G6,3,273,4,-735,68250
18349,141,white,E3E4,3,1917,21,745,91285
18372,142,black,D5D8,3,522,6,-749,87000
18413,143,white,C7G7,3,2068,23,749,89913
18435,144,black,G6H5,3,328,4,-744,82000
18492,145,white,D4C3,3,3131,41,744,76365
18518,146,black,D8E8,3,660,8,-738,82500
18549,147,white,C3E5,3,973,13,746,74846
18574,148,black,E8C8,3,597,7,-737,85285
18619,149,white,G7C7,3,2531,28,745,90392
18645,150,black,C8C7,3,752,8,-732,94000
18668,151,white,E5C7,3,884,5,747,176800
18688,152,black,H5G5,3,173,1,-747,173000
18725,153,white,C7E5,3,810,3,748,270000
18760,154,black,G5G6,3,191,1,-748,191000
18798,155,white,E5F4,3,930,4,751,232500
18817,156,black,G6G7,3,319,1,-747,319000
18854,157,white,E4F5,3,815,3,756,271666
18874,158,black,G7H7,3,244,1,-763,244000
18911,159,white,F4E5,3,713,3,772,237666
18946,160,black,H6H5,3,190,2,-822,95000
19001,161,white,F5G5,3,911,4,822,227750
19019,162,black,H5H4,3,91,1,-803,91000
19056,163,white,G5H4,3,864,3,822,288000
19090,164,black,H7G6,3,125,1,-822,125000
19112,165,white,H4G4,3,694,3,859,231333
19147,166,black,G6F7,3,101,1,-850,101000
19188,167,white,G4F5,3,1053,5,859,210600
19207,168,black,F7E7,3,183,2,-848,91500
19247,169,white,F3F4,3,1067,5,858,213400
19282,170,black,E7D7,3,124,1,-831,124000
19318,171,white,F5E4,3,808,3,837,269333
19353,172,black,D7C6,3,193,1,-855,193000
19374,173,white,E4D4,3,824,4,859,206000
19409,174,black,C6D7,3,184,1,-858,184000
19445,175,white,D4D5,3,643,2,861,321500
19482,176,black,D7E7,3,128,1,-861,128000
19519,177,white,F4F5,3,763,4,863,190750
19554,178,black,E7F7,3,345,2,-870,172500
19593,179,white,D5D6,3,1003,5,882,200600
19611,180,black,F7F8,3,194,1,-872,194000
19648,181,white,D6E6,3,844,3,874,281333
19666,182,black,F8E8,3,86,1,-875,86000
19703,183,white,F5F6,3,823,3,907,274333
19738,184,black,E8F8,3,124,1,-872,124000
19793,185,white,E5D4,3,642,3,908,214000
19811,186,black,F8E8,3,68,1,-908,68000
19848,187,white,F6F7,3,781,3,917,260333
19883,188,black,E8F8,3,56,1,-904,56000
19902,189,white,D4C5,3,585,3,1616,195000
19937,190,black,F8G7,3,71,1,-1616,71000
19975,191,white,F7F8,3,971,4,1638,242750
20010,192,black,G7G6,3,222,2,-1646,111000
20071,193,white,F8F6,3,3362,27,1656,124518
20089,194,black,G6H5,3,134,1,-1645,134000
20133,195,white,E6D5,3,3275,27,1651,121296
20151,196,black,H5G4,3,146,1,-1653,146000
20201,197,white,C5F2,3,4070,33,1651,123333
20220,198,black,G4H3,3,137,1,-1648,137000
20265,199,white,F6F4,3,3502,27,1652,129703
20284,200,black,H3G2,3,135,1,-1651,135000
20325,201,white,F2D4,3,3018,23,1652,131217
20345,202,black,G2H1,3,252,2,-1652,126000
20407,203,white,D4F2,3,3314,29,1652,114275
20424,204,black,H1G2,3,3,1,-1652,3000
20443,205,white,F2D4,3,129,1,1652,129000
20460,206,black,G2H1,3,6,1,-1652,6000
20495,207,white,D4F2,3,135,1,1652,135000
20529,208,black,H1G2,3,3,1,-1652,3000
